/*
 Navicat Premium Dump SQL

 Source Server         : Developer2
 Source Server Type    : MariaDB
 Source Server Version : 101108 (10.11.8-MariaDB-0ubuntu0.24.04.1)
 Source Host           : dev2.aidea.cat:3306
 Source Schema         : vef_php

 Target Server Type    : MariaDB
 Target Server Version : 101108 (10.11.8-MariaDB-0ubuntu0.24.04.1)
 File Encoding         : 65001

 Date: 02/12/2024 23:03:29
*/

SET NAMES utf8mb4;
SET FOREIGN_KEY_CHECKS = 0;

-- ----------------------------
-- Table structure for cliente
-- ----------------------------
DROP TABLE IF EXISTS `cliente`;
CREATE TABLE `cliente`  (
  `idCliente` int(11) NOT NULL AUTO_INCREMENT,
  `nombre` varchar(100) CHARACTER SET utf8mb4 COLLATE utf8mb4_general_ci NOT NULL,
  `apellido1` varchar(100) CHARACTER SET utf8mb4 COLLATE utf8mb4_general_ci NOT NULL,
  `apellido2` varchar(100) CHARACTER SET utf8mb4 COLLATE utf8mb4_general_ci NOT NULL,
  `telefono` int(11) NOT NULL,
  `email` varchar(255) CHARACTER SET utf8mb4 COLLATE utf8mb4_general_ci NOT NULL,
  `created` timestamp NOT NULL,
  `updated` timestamp NOT NULL DEFAULT '0000-00-00 00:00:00' ON UPDATE CURRENT_TIMESTAMP,
  `nombreUsuario` varchar(255) CHARACTER SET utf8mb4 COLLATE utf8mb4_general_ci NOT NULL,
  `password` varchar(255) CHARACTER SET utf8mb4 COLLATE utf8mb4_general_ci NOT NULL,
  `rol` int(10) NOT NULL,
  `dni` varchar(10) CHARACTER SET utf8mb4 COLLATE utf8mb4_general_ci NULL DEFAULT NULL,
  PRIMARY KEY (`idCliente`, `email`, `nombreUsuario`) USING BTREE,
  INDEX `idCliente`(`idCliente` ASC) USING BTREE,
  INDEX `telefono`(`telefono` ASC) USING BTREE,
  INDEX `nombreComplet`(`nombre` ASC) USING BTREE,
  INDEX `nomUsuario`(`nombreUsuario` ASC) USING BTREE,
  INDEX `email`(`email` ASC) USING BTREE
) ENGINE = InnoDB AUTO_INCREMENT = 57 CHARACTER SET = utf8mb4 COLLATE = utf8mb4_general_ci ROW_FORMAT = Dynamic;

-- ----------------------------
-- Records of cliente
-- ----------------------------
INSERT INTO `cliente` VALUES (21, 'V&iacute;ctor', 'Requena', 'Gallego', 689240824, 'victor_rg33@hotmail.com', '2024-11-14 19:34:06', '2024-12-02 17:53:16', 'victor', '$2y$10$J/fHgklW0RP0nbFu.1QWBeKuWXhMKRiZpE5Etzbsp0erWKxRw6Lp2', 1, '48015426M');
INSERT INTO `cliente` VALUES (24, 'Elena', 'L&oacute;pez', 'Estremera', 6666666, 'uwu@gmail.com', '2024-11-15 18:36:09', '2024-11-15 18:36:09', 'uwu', '$2y$10$egqKJ93F3qjYGiz1JQWvWO85gn9wJN5IjS.2v4ojM8nwL/gy1QSe.', 1, '');
INSERT INTO `cliente` VALUES (27, 'Victor', 'Requena', 'Gallego', 689240824, 'a@a.com', '2024-11-16 13:58:01', '2024-11-16 13:58:01', 'a@a.com', 'o2hGLSwj', 1, '');
INSERT INTO `cliente` VALUES (28, 'Victor', 'Requena', 'Gallego', 689240824, 'a@aaaaa.com', '2024-11-16 14:07:02', '2024-11-16 14:07:02', 'a@aaaaa.com', 'nxx81oaY', 1, '');
INSERT INTO `cliente` VALUES (29, 'Victor', 'Requena', 'Gallego', 689240824, 'asdasda@aaaaa.com', '2024-11-16 14:12:20', '2024-11-16 14:12:20', 'asdasda@aaaaa.com', 'CB52mqXG', 3, '');
INSERT INTO `cliente` VALUES (32, 'VĂ­ctor', 'Requena', 'Gallego', 689240824, 'victor@testfinal.com', '2024-11-16 00:00:00', '2024-11-21 22:18:12', 'victor@aidea.cat', '6GXghbC6', 3, '');
INSERT INTO `cliente` VALUES (33, 'Albertin', 'Gjsjf', 'Djfjg', 689240824, 'vic@cvif.com', '2024-11-16 19:16:24', '2024-11-16 19:16:24', 'Gjfkg', '$2y$10$AzDTotir3ey6bJntg/r.puwjHOMAJwtJKrMynM3i7Ykceil6R12na', 1, '-');
INSERT INTO `cliente` VALUES (34, 'ferran', 'calpe', 'romero', 658893677, 'ferran.calpe@gmail.com', '2024-11-16 19:22:07', '2024-11-16 19:22:07', 'ferran90', '$2y$10$Bj8YvBUDjylsZNgEaHUu6ebaBumTA95Mm8A9hv2FclRHT/1lITPAO', 1, '-');
INSERT INTO `cliente` VALUES (35, 'ferran', 'cliente', 'clientote', 685939822, 'ferran.cliente@gmail.com', '2024-11-16 00:00:00', '2024-11-16 00:00:00', 'ferran.cliente@gmail.com', 'mBNPJMuh', 3, '47398201g');
INSERT INTO `cliente` VALUES (36, 'Ckfkv', 'Dnfmvl', 'Ckfkeme', 658956832, 'vincifo@vjdnr.com', '2024-11-17 00:00:00', '2024-11-17 00:00:00', 'vincifo@vjdnr.com', 'd^fwJA29', 3, 'Fketoro');
INSERT INTO `cliente` VALUES (37, 'Iris', 'Rodriguez', 'Ortiz', 618412258, 'iris__08@hotmail.com', '2024-11-17 13:28:36', '2024-11-17 13:28:36', 'iris9923', '$2y$10$Qy5ZQIXH8TbsVaOMhb6INeXrRj5jEWZtJTBSx8QTgGKoaQqIJWipG', 3, '-');
INSERT INTO `cliente` VALUES (38, 'gus', 'Gustin', 'Gustirrin&iacute;n', 655456455, 'gustic@gmail.com', '2024-11-20 13:24:44', '2024-11-20 13:24:44', 'gustik', '$2y$10$S3.xkAJ6R9CETJRIppljnOT.xF66tAbs6m5yFKlVcZyPWAUvM.fqW', 3, '-');
INSERT INTO `cliente` VALUES (39, 'Alfonsin', 'alfonsito', 'algon', 655454545, 'alfonso@gmail.com', '2024-11-20 13:25:41', '2024-11-20 13:25:41', 'alfonsin', '$2y$10$f3wFMVbOPQj5OmGR3bHeYePGXKvnxWCW/JVDryggdeTAZEW8Mz/L6', 3, '-');
INSERT INTO `cliente` VALUES (40, 'alberto', 'ruiz', 'gallardon', 65544542, 'hola@hotmail.com', '2024-11-20 18:09:35', '2024-11-20 18:09:35', 'hola', '$2y$10$lx.j6lvnLanmnpd8NUnNl.NkRi.BCPpgFZxHEKyn0BaXt1FNZVhu6', 3, '-');
INSERT INTO `cliente` VALUES (41, 'Marta', 'Garrido', 'Vidal', 686808713, 'martaa.gv@hotmail.com', '2024-11-21 22:18:41', '2024-11-21 22:18:41', 'Martagarridov', '$2y$10$71u9V9y.T3uO5Wwa3J0uIO/IMKgPU24ieB8SVOKmG92UVx631j.em', 3, '-');
INSERT INTO `cliente` VALUES (42, '5243', '2453', '25345', 977123456, '554@kk.uk', '2024-11-22 00:00:00', '2024-11-22 00:00:00', '554@kk.uk', 'JDe7(1TN', 3, '53425');
INSERT INTO `cliente` VALUES (43, 'usuaUno', 'apeuno', 'apedos', 685920013, 'fcalper@gmail.com', '2024-11-25 20:39:00', '2024-11-25 20:39:00', 'usuaUno', '$2y$10$EzrZ1SGLJP6/R9rkFcskgOTrtXvPemUsqqLCdrsLUzyT7nKB.peTK', 3, '-');
INSERT INTO `cliente` VALUES (44, 'UsauUno', 'apeuno', 'apedos', 685928232, 'fcalper@uoc.edu', '2024-11-25 00:00:00', '2024-11-25 00:00:00', 'fcalper@uoc.edu', 'DEmh#T!u', 3, '49823118P');
INSERT INTO `cliente` VALUES (45, 'Andrea', 'Sua', 'Merced', 684891192, 'AsuaMer@gmail.com', '2024-11-30 00:00:00', '2024-11-30 00:00:00', 'AsuaMer@gmail.com', 'ythQmPfZ', 3, '48912309G');
INSERT INTO `cliente` VALUES (46, 'Albertito', 'Ruiz', 'Gilberto', 689240824, 'alberto@aidea.cat', '2024-12-01 19:01:33', '2024-12-01 20:03:02', 'Albertin2', '$2y$10$3yNQrGWDo.euApk9vF4wneImrVJBtICrMsJz1lg3QqoyZL9GCA4a2', 1, '-');
INSERT INTO `cliente` VALUES (47, 'Alberto', 'Gil', 'Rubio', 688785641, 'albertogil@gmail.com', '2024-12-01 00:00:00', '2024-12-01 00:00:00', 'albertogil@gmail.com', 'GfGmtPiU', 3, '32295847B');
INSERT INTO `cliente` VALUES (48, 'Ferran', 'Ant&eacute;s', 'Per&oacute;n', 694312902, 'ferran.asp@gmail.com', '2024-12-02 09:15:06', '2024-12-02 09:15:06', 'Ferran Ant&eacute;s', '$2y$10$CrSgnzWeVVHyOVoBiTaWWO1forjdqhF/ALdlarNHH2PxZEw5q068a', 3, '-');
INSERT INTO `cliente` VALUES (49, 'Jose', 'Contoso', 'RodrĂ­guez', 677665542, 'j.contoso@gmail.com', '2024-12-02 00:00:00', '2024-12-02 00:00:00', 'j.contoso@gmail.com', 'o#L2mMiG', 3, '5469569M');
INSERT INTO `cliente` VALUES (50, 'Juan', 'Serrano', 'Oviedo', 689201241, 'JuanSO@gmail.com', '2024-12-02 13:26:14', '2024-12-02 20:39:19', 'Juan_O', '$2y$10$SCrDBN8zjQzIdCEIcrOnhOhfmwF.gXXtbPsB44.9ap1v1TmH75n/6', 3, '-');
INSERT INTO `cliente` VALUES (51, 'Andrea', 'QuiĂ±onero', 'TachĂłn', 611492901, 'AndreaQuiTa@yahoo.es', '2024-12-02 00:00:00', '2024-12-02 00:00:00', 'AndreaQuiTa@yahoo.es', 'It4pwvqw', 3, 'LAB48021');
INSERT INTO `cliente` VALUES (52, 'Sergio', 'Martinez', 'Parera', 611492901, 'Sergito101@hotmail.com', '2024-12-02 00:00:00', '2024-12-02 00:00:00', 'Sergito101@hotmail.com', '44#$k5mz', 3, 'RDF3928');
INSERT INTO `cliente` VALUES (53, 'Miranda', 'Sousa', 'Castillos', 691029309, 'Miranda.Sousa@gmail.com', '2024-12-02 00:00:00', '2024-12-02 00:00:00', 'Miranda.Sousa@gmail.com', 'b%6a5Zpr', 3, 'LEX0928');
INSERT INTO `cliente` VALUES (54, 'Borja', 'Mulleras', 'Vinzia', 666555444, 'bmulleras@uoc.edu', '2024-12-02 20:57:15', '2024-12-02 20:57:15', 'bmulleras', '$2y$10$nazWMIDVqG7oz7evdzY9.etuxxdbf21vWjZHVJ/f4cH22oeeHovXC', 1, '-');
INSERT INTO `cliente` VALUES (55, 'Andr&eacute;s', 'Martinez', 'S&aacute;nchez', 693920019, 'andres.mart@gmail.com', '2024-12-02 21:03:54', '2024-12-02 21:03:54', 'AMart', '$2y$10$.innInvc5G6QH8dNVPMqS.2Ci5LDIjiSzH6su6uOBhPvnJUhPcR2a', 3, '-');
INSERT INTO `cliente` VALUES (56, 'Josema', 'Yuste', 'Yustin', 685454532, 'josemayuste@hotmail.com', '2024-12-02 21:19:49', '2024-12-02 21:22:07', 'josemi', '$2y$10$OZnyrZLrMoH/4MtJU6kkB./TPsrf2ehX24ITHuDrI8iLpgjfQiN/.', 3, '55545658W');

-- ----------------------------
-- Table structure for tranfer_hotel
-- ----------------------------
DROP TABLE IF EXISTS `tranfer_hotel`;
CREATE TABLE `tranfer_hotel`  (
  `id_hotel` int(11) NOT NULL AUTO_INCREMENT,
  `id_zona` int(11) NULL DEFAULT NULL,
  `Comision` int(11) NULL DEFAULT NULL,
  `usuario` varchar(100) CHARACTER SET utf8mb3 COLLATE utf8mb3_general_ci NULL DEFAULT NULL,
  `idCliente` int(100) NULL DEFAULT NULL,
  `nombre_hotel` varchar(100) CHARACTER SET utf8mb3 COLLATE utf8mb3_general_ci NOT NULL,
  `direccion_hotel` varchar(255) CHARACTER SET utf8mb3 COLLATE utf8mb3_general_ci NOT NULL COMMENT 'nom',
  PRIMARY KEY (`id_hotel`) USING BTREE,
  INDEX `FK_HOTEL_ZONA`(`id_zona` ASC) USING BTREE,
  INDEX `FK_cliente`(`idCliente` ASC) USING BTREE,
  CONSTRAINT `FK_cliente` FOREIGN KEY (`idCliente`) REFERENCES `cliente` (`idCliente`) ON DELETE RESTRICT ON UPDATE RESTRICT,
  CONSTRAINT `tranfer_hotel_ibfk_1` FOREIGN KEY (`id_zona`) REFERENCES `transfer_zona` (`id_zona`) ON DELETE RESTRICT ON UPDATE RESTRICT
) ENGINE = InnoDB AUTO_INCREMENT = 106 CHARACTER SET = utf8mb4 COLLATE = utf8mb4_general_ci ROW_FORMAT = Dynamic;

-- ----------------------------
-- Records of tranfer_hotel
-- ----------------------------
INSERT INTO `tranfer_hotel` VALUES (29, 1, 10, NULL, 27, 'Hotel Belvedere', 'C/ Madrid 15');
INSERT INTO `tranfer_hotel` VALUES (30, 1, 10, NULL, 27, 'Hotel Balearia', 'C/ francisco miguel guti 15');
INSERT INTO `tranfer_hotel` VALUES (31, 1, 10, NULL, 27, 'Hotel Luxury Balear', 'C/ Roberto de Hasta 22');
INSERT INTO `tranfer_hotel` VALUES (32, 1, 10, 'victor@aidea.cat', 32, 'Hotel Moada', 'C/ Leonel Messi 5');
INSERT INTO `tranfer_hotel` VALUES (33, 1, 10, NULL, 27, 'Hotel Best cadency', 'C/ Diagonal 23');
INSERT INTO `tranfer_hotel` VALUES (34, 1, 10, NULL, 27, 'Hotel Sagasti', 'C/ Donosti 99');
INSERT INTO `tranfer_hotel` VALUES (35, 1, 10, NULL, 27, 'Hotel hemeroteca', 'Avenida diagonal 544');
INSERT INTO `tranfer_hotel` VALUES (36, 1, 10, NULL, 27, 'Hotel Hysperia', 'Avenida principe de asturias 66');
INSERT INTO `tranfer_hotel` VALUES (37, 1, 10, NULL, 27, 'Hotel Regente AragĂłn', 'C/ de les Coques 5');
INSERT INTO `tranfer_hotel` VALUES (38, 1, 10, NULL, 27, 'Hotel Hysperia', 'Avenida principe de asturias 66');
INSERT INTO `tranfer_hotel` VALUES (39, 1, 10, NULL, 27, 'Hotel Hysperia', 'Avenida principe de asturias 66');
INSERT INTO `tranfer_hotel` VALUES (40, 1, 10, NULL, 27, 'Hotel Hysperia', 'Avenida principe de asturias 66');
INSERT INTO `tranfer_hotel` VALUES (41, 1, 10, NULL, 27, 'Hotel Hysperia', 'Avenida principe de asturias 66');
INSERT INTO `tranfer_hotel` VALUES (42, 1, 10, 'ferran.cliente@gmail.com', 35, 'Hotel Hysperia', 'Avenida principe de asturias 66');
INSERT INTO `tranfer_hotel` VALUES (43, 1, 10, NULL, 21, 'Hotel Hysperia', 'Avenida principe de asturias 66');
INSERT INTO `tranfer_hotel` VALUES (44, 1, 10, 'vincifo@vjdnr.com', 36, 'Hotel Hysperia', 'Avenida principe de asturias 66');
INSERT INTO `tranfer_hotel` VALUES (45, 1, 10, NULL, 27, 'Hotel Hysperia', 'Avenida principe de asturias 66');
INSERT INTO `tranfer_hotel` VALUES (46, 1, 10, NULL, 21, 'Hotel Hysperia', 'Avenida principe de asturias 66');
INSERT INTO `tranfer_hotel` VALUES (47, 1, 10, NULL, 21, 'Hotel Hysperia', 'Avenida principe de asturias 66');
INSERT INTO `tranfer_hotel` VALUES (48, 1, 10, NULL, 21, 'Hotel Cesar', 'Boulevard 505');
INSERT INTO `tranfer_hotel` VALUES (49, 1, 10, NULL, 21, 'Hotel Cesar', 'Boulevard 505');
INSERT INTO `tranfer_hotel` VALUES (50, 1, 10, NULL, 21, 'Hotel Hysperia', 'Avenida principe de asturias 66');
INSERT INTO `tranfer_hotel` VALUES (51, 1, 10, NULL, 21, 'Hotel Hysperia', 'Avenida principe de asturias 66');
INSERT INTO `tranfer_hotel` VALUES (52, 1, 10, NULL, 21, 'Luxor', 'Calle amargura');
INSERT INTO `tranfer_hotel` VALUES (53, 1, 10, NULL, 21, 'Hotel Minguito', 'Charlie');
INSERT INTO `tranfer_hotel` VALUES (54, 1, 10, NULL, 21, 'Hotel Madagascar', 'Calle lujĂşria');
INSERT INTO `tranfer_hotel` VALUES (55, 1, 10, NULL, 21, 'Hotel Madagascar', 'Calle lujĂşria');
INSERT INTO `tranfer_hotel` VALUES (56, 1, 10, NULL, 21, 'Hotel Madagascar', 'Calle lujĂşria');
INSERT INTO `tranfer_hotel` VALUES (57, 1, 10, NULL, 21, 'Hotel Madagascar', 'Calle lujĂşria');
INSERT INTO `tranfer_hotel` VALUES (58, 1, 10, NULL, 21, 'Hotel Madagascar', 'Calle lujĂşria');
INSERT INTO `tranfer_hotel` VALUES (59, 1, 10, NULL, 21, 'Hotel Madagascar', 'Calle lujĂşria');
INSERT INTO `tranfer_hotel` VALUES (60, 1, 10, NULL, 21, 'Hotel Madagascar', 'Calle lujĂşria');
INSERT INTO `tranfer_hotel` VALUES (61, 1, 10, NULL, 21, 'Hotel Madagascar', 'Calle lujĂşria');
INSERT INTO `tranfer_hotel` VALUES (62, 1, 10, NULL, 21, 'Hotel Madagascar', 'Calle lujĂşria');
INSERT INTO `tranfer_hotel` VALUES (63, 1, 10, NULL, 21, 'Hotal dumpbass', 'Calle diagonal');
INSERT INTO `tranfer_hotel` VALUES (64, 1, 10, '554@kk.uk', 42, 'Hotel Hysperia', 'Avenida principe de asturias 66');
INSERT INTO `tranfer_hotel` VALUES (65, 1, 10, NULL, 42, 'Hotel Hysperia', 'Avenida principe de asturias 66');
INSERT INTO `tranfer_hotel` VALUES (66, 1, 10, NULL, 21, 'Monterrey', 'Calle espigĂłn');
INSERT INTO `tranfer_hotel` VALUES (67, 1, 10, 'fcalper@uoc.edu', 44, 'Hotel Familia', 'C/ de los pĂłstulos, 230 S/N');
INSERT INTO `tranfer_hotel` VALUES (68, 1, 10, NULL, 44, 'Hotel Familia', 'C/ de los pĂłstulos, 230 S/N');
INSERT INTO `tranfer_hotel` VALUES (69, 1, 10, NULL, 44, 'Hotel Familia', 'C/ de los pĂłstulos, 230 S/N');
INSERT INTO `tranfer_hotel` VALUES (70, 1, 10, 'AsuaMer@gmail.com', 45, 'Hotel Familia', 'C/ de los pĂłstulos, 230 S/N');
INSERT INTO `tranfer_hotel` VALUES (71, 1, 10, NULL, 45, 'Hotel Familia', 'C/ de los pĂłstulos, 230 S/N');
INSERT INTO `tranfer_hotel` VALUES (72, 1, 10, NULL, 44, 'Hotel Familia', 'C/ de los pĂłstulos, 230 S/N');
INSERT INTO `tranfer_hotel` VALUES (73, 1, 10, NULL, 21, 'Hotel Drogba', 'Ulritch direction');
INSERT INTO `tranfer_hotel` VALUES (74, 1, 10, NULL, 21, 'Hotel Familia', 'C/ de los pĂłstulos, 230 S/N');
INSERT INTO `tranfer_hotel` VALUES (75, 1, 10, NULL, 21, 'Hotel Familia', 'C/ de los pĂłstulos, 230 S/N');
INSERT INTO `tranfer_hotel` VALUES (76, 1, 10, NULL, 21, 'Hotel Familia', 'C/ de los pĂłstulos, 230 S/N');
INSERT INTO `tranfer_hotel` VALUES (77, 1, 10, NULL, 21, 'Hotel Familia', 'C/ de los pĂłstulos, 230 S/N');
INSERT INTO `tranfer_hotel` VALUES (78, 2, 111, 'victor', NULL, 'fasdfasdf', '234234');
INSERT INTO `tranfer_hotel` VALUES (79, 2, 111, 'victor', NULL, 'fasdfasdf', '234234');
INSERT INTO `tranfer_hotel` VALUES (80, 2, 111, 'victor', NULL, 'fasdfasdf', '234234');
INSERT INTO `tranfer_hotel` VALUES (81, 2, 11, 'victor', NULL, 'Hotel C&aacute;ceres', 'C/ Castellana 542');
INSERT INTO `tranfer_hotel` VALUES (82, 2, 11, 'victor', NULL, 'Hotel C&aacute;ceres', 'C/ Castellana 542');
INSERT INTO `tranfer_hotel` VALUES (83, 16, 11, 'victor', NULL, '12312', '1231233');
INSERT INTO `tranfer_hotel` VALUES (84, 2, 11, 'victor', NULL, 'Hotel C&aacute;ceres', 'C/ diagonal 544');
INSERT INTO `tranfer_hotel` VALUES (85, 2, 11, 'victor', NULL, 'Hotel C&aacute;ceres', 'C/ diagonal 544');
INSERT INTO `tranfer_hotel` VALUES (86, 3, 22, 'victor', NULL, 'Hotel miguelin', 'C/ alberto 55');
INSERT INTO `tranfer_hotel` VALUES (87, 1, 112, 'victor', NULL, 'Hotel C&aacute;ceres', 'C/ Castellana 542');
INSERT INTO `tranfer_hotel` VALUES (88, 1, 10, NULL, 21, 'Hotel Belvedere', 'C/ Madrid 15');
INSERT INTO `tranfer_hotel` VALUES (89, 1, 10, NULL, 21, 'Hotel Sagasti', 'C/ Donosti 99');
INSERT INTO `tranfer_hotel` VALUES (90, 1, 10, 'albertogil@gmail.com', 47, 'C/ de los pĂłstulos, 230 S/N', 'Hotel Familia');
INSERT INTO `tranfer_hotel` VALUES (91, 1, 10, NULL, 47, 'Hotel Familia', 'C/ de los pĂłstulos, 230 S/N');
INSERT INTO `tranfer_hotel` VALUES (92, 1, 10, NULL, 21, 'Hotal dumpbass', 'Calle diagonal');
INSERT INTO `tranfer_hotel` VALUES (93, 1, 10, NULL, 21, 'Hotel hemeroteca', 'Avenida diagonal 544');
INSERT INTO `tranfer_hotel` VALUES (94, 1, 10, NULL, 21, 'Hotel Balearia', 'C/ francisco miguel guti 15');
INSERT INTO `tranfer_hotel` VALUES (95, 1, 10, 'j.contoso@gmail.com', 49, 'Calle lujĂşria', 'Hotel Madagascar');
INSERT INTO `tranfer_hotel` VALUES (96, 1, 10, NULL, 50, 'Hotel Belvedere', 'C/ Madrid 15');
INSERT INTO `tranfer_hotel` VALUES (97, 1, 10, NULL, 50, 'Hotel Hysperia', 'Avenida principe de asturias 66');
INSERT INTO `tranfer_hotel` VALUES (98, 1, 10, NULL, 50, 'Hotel hemeroteca', 'Avenida diagonal 544');
INSERT INTO `tranfer_hotel` VALUES (99, 1, 10, NULL, 50, 'Hotel Familia', 'C/ de los pĂłstulos, 230 S/N');
INSERT INTO `tranfer_hotel` VALUES (100, 1, 10, 'AndreaQuiTa@yahoo.es', 51, 'C/ Roberto de Hasta 22', 'Hotel Luxury Balear');
INSERT INTO `tranfer_hotel` VALUES (101, 1, 10, 'Sergito101@hotmail.com', 52, 'Calle diagonal', 'Hotal dumpbass');
INSERT INTO `tranfer_hotel` VALUES (102, 1, 10, NULL, 21, 'Hotel miguelin', 'C/ alberto 55');
INSERT INTO `tranfer_hotel` VALUES (103, 1, 10, 'Miranda.Sousa@gmail.com', 53, 'C/ francisco miguel guti 15', 'Hotel Balearia');
INSERT INTO `tranfer_hotel` VALUES (104, 1, 10, NULL, 50, 'Hotel Balearia', 'C/ francisco miguel guti 15');
INSERT INTO `tranfer_hotel` VALUES (105, 1, 10, NULL, 56, 'Monterrey', 'Calle espigĂłn');

-- ----------------------------
-- Table structure for transfer_precios
-- ----------------------------
DROP TABLE IF EXISTS `transfer_precios`;
CREATE TABLE `transfer_precios`  (
  `id_precios` int(11) NOT NULL AUTO_INCREMENT,
  `id_vehiculo` int(11) NOT NULL,
  `id_hotel` int(11) NOT NULL,
  `Precio` double NOT NULL,
  PRIMARY KEY (`id_precios`) USING BTREE,
  INDEX `FK_PRECIOS_HOTEL`(`id_hotel` ASC) USING BTREE,
  INDEX `FK_PRECIOS_VEHICULO`(`id_vehiculo` ASC) USING BTREE,
  CONSTRAINT `transfer_precios_ibfk_1` FOREIGN KEY (`id_hotel`) REFERENCES `tranfer_hotel` (`id_hotel`) ON DELETE RESTRICT ON UPDATE CASCADE,
  CONSTRAINT `transfer_precios_ibfk_2` FOREIGN KEY (`id_vehiculo`) REFERENCES `transfer_vehiculo` (`id_vehiculo`) ON DELETE RESTRICT ON UPDATE CASCADE
) ENGINE = InnoDB AUTO_INCREMENT = 40 CHARACTER SET = utf8mb3 COLLATE = utf8mb3_general_ci ROW_FORMAT = Dynamic;

-- ----------------------------
-- Records of transfer_precios
-- ----------------------------
INSERT INTO `transfer_precios` VALUES (1, 1, 30, 50);
INSERT INTO `transfer_precios` VALUES (6, 50, 62, 200);
INSERT INTO `transfer_precios` VALUES (7, 51, 63, 100);
INSERT INTO `transfer_precios` VALUES (8, 52, 64, 100);
INSERT INTO `transfer_precios` VALUES (9, 53, 65, 100);
INSERT INTO `transfer_precios` VALUES (10, 54, 66, 100);
INSERT INTO `transfer_precios` VALUES (11, 55, 67, 100);
INSERT INTO `transfer_precios` VALUES (12, 56, 68, 100);
INSERT INTO `transfer_precios` VALUES (13, 57, 69, 100);
INSERT INTO `transfer_precios` VALUES (14, 58, 70, 100);
INSERT INTO `transfer_precios` VALUES (15, 59, 71, 100);
INSERT INTO `transfer_precios` VALUES (16, 60, 72, 200);
INSERT INTO `transfer_precios` VALUES (17, 61, 73, 100);
INSERT INTO `transfer_precios` VALUES (18, 62, 74, 200);
INSERT INTO `transfer_precios` VALUES (19, 63, 75, 200);
INSERT INTO `transfer_precios` VALUES (20, 64, 76, 200);
INSERT INTO `transfer_precios` VALUES (21, 65, 77, 100);
INSERT INTO `transfer_precios` VALUES (22, 66, 88, 200);
INSERT INTO `transfer_precios` VALUES (23, 67, 89, 100);
INSERT INTO `transfer_precios` VALUES (24, 68, 90, 100);
INSERT INTO `transfer_precios` VALUES (25, 69, 91, 100);
INSERT INTO `transfer_precios` VALUES (26, 70, 92, 100);
INSERT INTO `transfer_precios` VALUES (27, 71, 93, 100);
INSERT INTO `transfer_precios` VALUES (28, 72, 94, 100);
INSERT INTO `transfer_precios` VALUES (29, 73, 95, 100);
INSERT INTO `transfer_precios` VALUES (30, 74, 96, 100);
INSERT INTO `transfer_precios` VALUES (31, 75, 97, 100);
INSERT INTO `transfer_precios` VALUES (32, 76, 98, 200);
INSERT INTO `transfer_precios` VALUES (33, 77, 99, 200);
INSERT INTO `transfer_precios` VALUES (34, 78, 100, 100);
INSERT INTO `transfer_precios` VALUES (35, 79, 101, 200);
INSERT INTO `transfer_precios` VALUES (36, 80, 102, 200);
INSERT INTO `transfer_precios` VALUES (37, 81, 103, 100);
INSERT INTO `transfer_precios` VALUES (38, 82, 104, 100);
INSERT INTO `transfer_precios` VALUES (39, 83, 105, 100);

-- ----------------------------
-- Table structure for transfer_reservas
-- ----------------------------
DROP TABLE IF EXISTS `transfer_reservas`;
CREATE TABLE `transfer_reservas`  (
  `id_reserva` int(11) NOT NULL AUTO_INCREMENT,
  `localizador` varchar(100) CHARACTER SET utf8mb3 COLLATE utf8mb3_general_ci NOT NULL,
  `id_hotel` int(11) NULL DEFAULT NULL COMMENT 'Es el hotel que realiza la reserva',
  `id_tipo_reserva` int(11) NOT NULL,
  `email_cliente` varchar(100) CHARACTER SET utf8mb3 COLLATE utf8mb3_general_ci NOT NULL,
  `fecha_reserva` datetime NOT NULL,
  `fecha_modificacion` datetime NOT NULL,
  `id_destino` int(11) NOT NULL,
  `fecha_entrada` date NULL DEFAULT NULL,
  `hora_entrada` time NULL DEFAULT NULL,
  `numero_vuelo_entrada` varchar(50) CHARACTER SET utf8mb3 COLLATE utf8mb3_general_ci NULL DEFAULT NULL,
  `origen_vuelo_entrada` varchar(50) CHARACTER SET utf8mb3 COLLATE utf8mb3_general_ci NOT NULL,
  `hora_vuelo_salida` time NULL DEFAULT current_timestamp(),
  `fecha_vuelo_salida` date NULL DEFAULT NULL,
  `num_viajeros` int(11) NOT NULL,
  `id_vehiculo` int(11) NOT NULL,
  `numero_vuelo_vuelta` varchar(50) CHARACTER SET utf8mb3 COLLATE utf8mb3_general_ci NULL DEFAULT NULL,
  `hora_recogida` time NULL DEFAULT NULL,
  PRIMARY KEY (`id_reserva`) USING BTREE,
  INDEX `FK_RESERVAS_DESTINO`(`id_destino` ASC) USING BTREE,
  INDEX `FK_RESERVAS_HOTEL`(`id_hotel` ASC) USING BTREE,
  INDEX `FK_RESERVAS_TIPO`(`id_tipo_reserva` ASC) USING BTREE,
  INDEX `FK_RESERVAS_VEHICULO`(`id_vehiculo` ASC) USING BTREE,
  CONSTRAINT `transfer_reservas_ibfk_1` FOREIGN KEY (`id_destino`) REFERENCES `tranfer_hotel` (`id_zona`) ON DELETE RESTRICT ON UPDATE CASCADE,
  CONSTRAINT `transfer_reservas_ibfk_2` FOREIGN KEY (`id_hotel`) REFERENCES `tranfer_hotel` (`id_hotel`) ON DELETE RESTRICT ON UPDATE CASCADE,
  CONSTRAINT `transfer_reservas_ibfk_3` FOREIGN KEY (`id_tipo_reserva`) REFERENCES `transfer_tipo_reserva` (`id_tipo_reserva`) ON DELETE RESTRICT ON UPDATE RESTRICT,
  CONSTRAINT `transfer_reservas_ibfk_4` FOREIGN KEY (`id_vehiculo`) REFERENCES `transfer_vehiculo` (`id_vehiculo`) ON DELETE RESTRICT ON UPDATE RESTRICT
) ENGINE = InnoDB AUTO_INCREMENT = 62 CHARACTER SET = utf8mb3 COLLATE = utf8mb3_general_ci ROW_FORMAT = Dynamic;

-- ----------------------------
-- Records of transfer_reservas
-- ----------------------------
INSERT INTO `transfer_reservas` VALUES (43, 'OZiI8', 89, 1, 'victor_rg33@hotmail.com', '2024-12-01 00:00:00', '2024-12-02 11:34:06', 1, '2025-01-16', '10:48:00', 'FR55', 'Madrid', NULL, NULL, 3, 67, NULL, NULL);
INSERT INTO `transfer_reservas` VALUES (45, 'HZG8Z', 91, 3, 'albertogil@gmail.com', '2024-12-01 00:00:00', '2024-12-02 11:43:35', 1, '2024-12-24', '12:00:00', 'JR545', 'Mallorca', '18:50:00', '2024-12-26', 4, 69, 'TY6545', '15:00:00');
INSERT INTO `transfer_reservas` VALUES (47, '3BafX', 92, 2, 'victor_rg33@hotmail.com', '2024-12-02 00:00:00', '2024-12-02 09:38:07', 1, NULL, NULL, NULL, 'N/A', '10:30:00', '2024-12-20', 5, 70, 'GT5443', '08:30:00');
INSERT INTO `transfer_reservas` VALUES (48, '3BafX', 92, 2, 'victor_rg33@hotmail.com', '2024-12-02 00:00:00', '2024-12-02 00:00:00', 1, NULL, NULL, NULL, 'N/A', '12:30:00', '2024-12-20', 5, 70, 'GT5443', '10:30:00');
INSERT INTO `transfer_reservas` VALUES (49, '5MTa6', 93, 2, 'victor_rg33@hotmail.com', '2024-12-02 00:00:00', '2024-12-02 00:00:00', 1, NULL, NULL, NULL, 'N/A', '12:00:00', '2024-12-20', 4, 71, 'FT5545', '10:00:00');
INSERT INTO `transfer_reservas` VALUES (50, 'aXmBV', 94, 1, 'victor_rg33@hotmail.com', '2024-12-02 00:00:00', '2024-12-02 00:00:00', 1, '2024-12-20', '15:15:00', 'VS4343', 'Barcelona', NULL, NULL, 2, 72, NULL, NULL);
INSERT INTO `transfer_reservas` VALUES (51, 'eVFB1', 95, 1, 'j.contoso@gmail.com', '2024-12-02 00:00:00', '2024-12-02 00:00:00', 1, '2024-12-26', '12:50:00', 'GR544', 'Barcelona', NULL, NULL, 8, 73, NULL, NULL);
INSERT INTO `transfer_reservas` VALUES (53, 'BvmpG', 97, 2, 'JuanSO@gmail.com', '2024-12-02 00:00:00', '2024-12-02 00:00:00', 1, NULL, NULL, NULL, 'N/A', '10:00:00', '2024-12-10', 2, 75, 'GH0897', '07:30:00');
INSERT INTO `transfer_reservas` VALUES (56, 'o3Nef', 100, 1, 'AndreaQuiTa@yahoo.es', '2024-12-02 00:00:00', '2024-12-02 00:00:00', 1, '2024-12-16', '10:20:00', 'AE01326', 'Madrid-Barajas', NULL, NULL, 1, 78, NULL, NULL);
INSERT INTO `transfer_reservas` VALUES (57, 'auZsh', 101, 3, 'Sergito101@hotmail.com', '2024-12-02 00:00:00', '2024-12-02 00:00:00', 1, '2024-12-09', '10:00:00', 'AG2039', 'Valencia-Manises', '19:20:00', '2024-12-16', 3, 79, 'AG2109', '16:20:00');
INSERT INTO `transfer_reservas` VALUES (58, '1sPo0', 102, 3, 'victor_rg33@hotmail.com', '2024-12-02 00:00:00', '2024-12-02 00:00:00', 1, '2024-12-31', '15:30:00', 'GR332', 'Madrid', '15:23:00', '2024-12-10', 15, 80, 'FLYRI', '10:23:00');
INSERT INTO `transfer_reservas` VALUES (59, '6AnNx', 103, 2, 'Miranda.Sousa@gmail.com', '2024-12-02 00:00:00', '2024-12-02 00:00:00', 1, NULL, NULL, NULL, 'N/A', '20:30:00', '2024-12-03', 4, 81, 'RA9879', '17:30:00');
INSERT INTO `transfer_reservas` VALUES (60, 'fZNit', 104, 1, 'JuanSO@gmail.com', '2024-12-02 00:00:00', '2024-12-02 00:00:00', 1, '2024-12-03', '11:11:00', 'AE01326', 'Barcelona-el Prat', NULL, NULL, 1, 82, NULL, NULL);
INSERT INTO `transfer_reservas` VALUES (61, 'iCTT8', 105, 1, 'josemayuste@hotmail.com', '2024-12-02 00:00:00', '2024-12-02 00:00:00', 1, '2024-12-23', '12:50:00', 'FLY54', 'Barcelona', NULL, NULL, 1, 83, NULL, NULL);

-- ----------------------------
-- Table structure for transfer_tipo_reserva
-- ----------------------------
DROP TABLE IF EXISTS `transfer_tipo_reserva`;
CREATE TABLE `transfer_tipo_reserva`  (
  `id_tipo_reserva` int(11) NOT NULL AUTO_INCREMENT,
  `DescripciĂłn` varchar(100) CHARACTER SET utf8mb3 COLLATE utf8mb3_general_ci NOT NULL,
  PRIMARY KEY (`id_tipo_reserva`) USING BTREE
) ENGINE = InnoDB AUTO_INCREMENT = 4 CHARACTER SET = utf8mb3 COLLATE = utf8mb3_general_ci ROW_FORMAT = Dynamic;

-- ----------------------------
-- Records of transfer_tipo_reserva
-- ----------------------------
INSERT INTO `transfer_tipo_reserva` VALUES (1, 'ida');
INSERT INTO `transfer_tipo_reserva` VALUES (2, 'vuelta');
INSERT INTO `transfer_tipo_reserva` VALUES (3, 'ida y vuelta');

-- ----------------------------
-- Table structure for transfer_vehiculo
-- ----------------------------
DROP TABLE IF EXISTS `transfer_vehiculo`;
CREATE TABLE `transfer_vehiculo`  (
  `id_vehiculo` int(11) NOT NULL AUTO_INCREMENT,
  `descripcion` varchar(100) CHARACTER SET utf8mb3 COLLATE utf8mb3_general_ci NOT NULL,
  `idCliente` int(100) NOT NULL,
  PRIMARY KEY (`id_vehiculo`) USING BTREE,
  INDEX `FK_idCliente_Vehiculo`(`idCliente` ASC) USING BTREE,
  CONSTRAINT `FK_idCliente_Vehiculo` FOREIGN KEY (`idCliente`) REFERENCES `cliente` (`idCliente`) ON DELETE RESTRICT ON UPDATE RESTRICT
) ENGINE = InnoDB AUTO_INCREMENT = 84 CHARACTER SET = utf8mb3 COLLATE = utf8mb3_general_ci ROW_FORMAT = Dynamic;

-- ----------------------------
-- Records of transfer_vehiculo
-- ----------------------------
INSERT INTO `transfer_vehiculo` VALUES (1, 'Transfer vendido', 29);
INSERT INTO `transfer_vehiculo` VALUES (2, 'Transfer vendido', 29);
INSERT INTO `transfer_vehiculo` VALUES (3, 'Transfer vendido', 29);
INSERT INTO `transfer_vehiculo` VALUES (4, 'Transfer vendido', 29);
INSERT INTO `transfer_vehiculo` VALUES (5, 'Transfer vendido', 29);
INSERT INTO `transfer_vehiculo` VALUES (6, 'Transfer vendido', 29);
INSERT INTO `transfer_vehiculo` VALUES (7, 'Transfer vendido', 29);
INSERT INTO `transfer_vehiculo` VALUES (8, 'Transfer vendido', 29);
INSERT INTO `transfer_vehiculo` VALUES (9, 'Transfer vendido', 29);
INSERT INTO `transfer_vehiculo` VALUES (10, 'Transfer vendido', 29);
INSERT INTO `transfer_vehiculo` VALUES (11, 'Transfer vendido', 29);
INSERT INTO `transfer_vehiculo` VALUES (12, 'Transfer vendido', 27);
INSERT INTO `transfer_vehiculo` VALUES (13, 'Transfer vendido', 27);
INSERT INTO `transfer_vehiculo` VALUES (14, 'Transfer vendido', 27);
INSERT INTO `transfer_vehiculo` VALUES (15, 'Transfer vendido', 27);
INSERT INTO `transfer_vehiculo` VALUES (16, 'Transfer vendido', 27);
INSERT INTO `transfer_vehiculo` VALUES (17, 'Transfer vendido', 27);
INSERT INTO `transfer_vehiculo` VALUES (18, 'Transfer vendido', 27);
INSERT INTO `transfer_vehiculo` VALUES (19, 'Transfer vendido', 27);
INSERT INTO `transfer_vehiculo` VALUES (20, 'Transfer vendido', 32);
INSERT INTO `transfer_vehiculo` VALUES (21, 'Transfer vendido', 27);
INSERT INTO `transfer_vehiculo` VALUES (22, 'Transfer vendido', 27);
INSERT INTO `transfer_vehiculo` VALUES (23, 'Transfer vendido', 27);
INSERT INTO `transfer_vehiculo` VALUES (24, 'Transfer vendido', 27);
INSERT INTO `transfer_vehiculo` VALUES (25, 'Transfer vendido', 27);
INSERT INTO `transfer_vehiculo` VALUES (26, 'Transfer vendido', 27);
INSERT INTO `transfer_vehiculo` VALUES (27, 'Transfer vendido', 27);
INSERT INTO `transfer_vehiculo` VALUES (28, 'Transfer vendido', 27);
INSERT INTO `transfer_vehiculo` VALUES (29, 'Transfer vendido', 27);
INSERT INTO `transfer_vehiculo` VALUES (30, 'Transfer vendido', 35);
INSERT INTO `transfer_vehiculo` VALUES (31, 'Transfer vendido', 21);
INSERT INTO `transfer_vehiculo` VALUES (32, 'Transfer vendido', 36);
INSERT INTO `transfer_vehiculo` VALUES (33, 'Transfer vendido', 27);
INSERT INTO `transfer_vehiculo` VALUES (34, 'Transfer vendido', 21);
INSERT INTO `transfer_vehiculo` VALUES (35, 'Transfer vendido', 21);
INSERT INTO `transfer_vehiculo` VALUES (36, 'Transfer vendido', 21);
INSERT INTO `transfer_vehiculo` VALUES (37, 'Transfer vendido', 21);
INSERT INTO `transfer_vehiculo` VALUES (38, 'Transfer vendido', 21);
INSERT INTO `transfer_vehiculo` VALUES (39, 'Transfer vendido', 21);
INSERT INTO `transfer_vehiculo` VALUES (40, 'Transfer vendido', 21);
INSERT INTO `transfer_vehiculo` VALUES (41, 'Transfer vendido', 21);
INSERT INTO `transfer_vehiculo` VALUES (42, 'Transfer vendido', 21);
INSERT INTO `transfer_vehiculo` VALUES (43, 'Transfer vendido', 21);
INSERT INTO `transfer_vehiculo` VALUES (44, 'Transfer vendido', 21);
INSERT INTO `transfer_vehiculo` VALUES (45, 'Transfer vendido', 21);
INSERT INTO `transfer_vehiculo` VALUES (46, 'Transfer vendido', 21);
INSERT INTO `transfer_vehiculo` VALUES (47, 'Transfer vendido', 21);
INSERT INTO `transfer_vehiculo` VALUES (48, 'Transfer vendido', 21);
INSERT INTO `transfer_vehiculo` VALUES (49, 'Transfer vendido', 21);
INSERT INTO `transfer_vehiculo` VALUES (50, 'Transfer vendido', 21);
INSERT INTO `transfer_vehiculo` VALUES (51, 'Transfer vendido', 21);
INSERT INTO `transfer_vehiculo` VALUES (52, 'Transfer vendido', 42);
INSERT INTO `transfer_vehiculo` VALUES (53, 'Transfer vendido', 42);
INSERT INTO `transfer_vehiculo` VALUES (54, 'Transfer vendido', 21);
INSERT INTO `transfer_vehiculo` VALUES (55, 'Transfer vendido', 44);
INSERT INTO `transfer_vehiculo` VALUES (56, 'Transfer vendido', 44);
INSERT INTO `transfer_vehiculo` VALUES (57, 'Transfer vendido', 44);
INSERT INTO `transfer_vehiculo` VALUES (58, 'Transfer vendido', 45);
INSERT INTO `transfer_vehiculo` VALUES (59, 'Transfer vendido', 45);
INSERT INTO `transfer_vehiculo` VALUES (60, 'Transfer vendido', 44);
INSERT INTO `transfer_vehiculo` VALUES (61, 'Transfer vendido', 21);
INSERT INTO `transfer_vehiculo` VALUES (62, 'Transfer vendido', 21);
INSERT INTO `transfer_vehiculo` VALUES (63, 'Transfer vendido', 21);
INSERT INTO `transfer_vehiculo` VALUES (64, 'Transfer vendido', 21);
INSERT INTO `transfer_vehiculo` VALUES (65, 'Transfer vendido', 21);
INSERT INTO `transfer_vehiculo` VALUES (66, 'Transfer vendido', 21);
INSERT INTO `transfer_vehiculo` VALUES (67, 'Transfer vendido', 21);
INSERT INTO `transfer_vehiculo` VALUES (68, 'Transfer vendido', 47);
INSERT INTO `transfer_vehiculo` VALUES (69, 'Transfer vendido', 47);
INSERT INTO `transfer_vehiculo` VALUES (70, 'Transfer vendido', 21);
INSERT INTO `transfer_vehiculo` VALUES (71, 'Transfer vendido', 21);
INSERT INTO `transfer_vehiculo` VALUES (72, 'Transfer vendido', 21);
INSERT INTO `transfer_vehiculo` VALUES (73, 'Transfer vendido', 49);
INSERT INTO `transfer_vehiculo` VALUES (74, 'Transfer vendido', 50);
INSERT INTO `transfer_vehiculo` VALUES (75, 'Transfer vendido', 50);
INSERT INTO `transfer_vehiculo` VALUES (76, 'Transfer vendido', 50);
INSERT INTO `transfer_vehiculo` VALUES (77, 'Transfer vendido', 50);
INSERT INTO `transfer_vehiculo` VALUES (78, 'Transfer vendido', 51);
INSERT INTO `transfer_vehiculo` VALUES (79, 'Transfer vendido', 52);
INSERT INTO `transfer_vehiculo` VALUES (80, 'Transfer vendido', 21);
INSERT INTO `transfer_vehiculo` VALUES (81, 'Transfer vendido', 53);
INSERT INTO `transfer_vehiculo` VALUES (82, 'Transfer vendido', 50);
INSERT INTO `transfer_vehiculo` VALUES (83, 'Transfer vendido', 56);

-- ----------------------------
-- Table structure for transfer_viajeros
-- ----------------------------
DROP TABLE IF EXISTS `transfer_viajeros`;
CREATE TABLE `transfer_viajeros`  (
  `id_viajero` int(11) NOT NULL AUTO_INCREMENT,
  `nombre` varchar(100) CHARACTER SET utf8mb3 COLLATE utf8mb3_general_ci NOT NULL,
  `apellido1` varchar(100) CHARACTER SET utf8mb3 COLLATE utf8mb3_general_ci NOT NULL,
  `apellido2` varchar(100) CHARACTER SET utf8mb3 COLLATE utf8mb3_general_ci NOT NULL,
  `direccion` varchar(100) CHARACTER SET utf8mb3 COLLATE utf8mb3_general_ci NOT NULL,
  `codigoPostal` varchar(100) CHARACTER SET utf8mb3 COLLATE utf8mb3_general_ci NOT NULL,
  `ciudad` varchar(100) CHARACTER SET utf8mb3 COLLATE utf8mb3_general_ci NOT NULL,
  `pais` varchar(100) CHARACTER SET utf8mb3 COLLATE utf8mb3_general_ci NOT NULL,
  `email` varchar(100) CHARACTER SET utf8mb3 COLLATE utf8mb3_general_ci NOT NULL,
  `password` varchar(100) CHARACTER SET utf8mb3 COLLATE utf8mb3_general_ci NOT NULL,
  PRIMARY KEY (`id_viajero`) USING BTREE
) ENGINE = InnoDB AUTO_INCREMENT = 1 CHARACTER SET = utf8mb3 COLLATE = utf8mb3_general_ci ROW_FORMAT = Dynamic;

-- ----------------------------
-- Records of transfer_viajeros
-- ----------------------------

-- ----------------------------
-- Table structure for transfer_zona
-- ----------------------------
DROP TABLE IF EXISTS `transfer_zona`;
CREATE TABLE `transfer_zona`  (
  `id_zona` int(11) NOT NULL AUTO_INCREMENT,
  `descripcion` varchar(191) CHARACTER SET utf8mb3 COLLATE utf8mb3_general_ci NOT NULL,
  PRIMARY KEY (`id_zona`) USING BTREE
) ENGINE = InnoDB AUTO_INCREMENT = 21 CHARACTER SET = utf8mb3 COLLATE = utf8mb3_general_ci ROW_FORMAT = Dynamic;

-- ----------------------------
-- Records of transfer_zona
-- ----------------------------
INSERT INTO `transfer_zona` VALUES (1, 'Palma');
INSERT INTO `transfer_zona` VALUES (2, 'Tramuntana');
INSERT INTO `transfer_zona` VALUES (3, 'Nord');
INSERT INTO `transfer_zona` VALUES (16, 'Llevant');
INSERT INTO `transfer_zona` VALUES (19, 'Migjorn');
INSERT INTO `transfer_zona` VALUES (20, 'Pla');

SET FOREIGN_KEY_CHECKS = 1;
